-- MySQL dump 10.13  Distrib 8.0.39, for Linux (x86_64)
--
-- Host: localhost    Database: pitterpatter
-- ------------------------------------------------------
-- Server version	8.0.39

/*!40101 SET @OLD_CHARACTER_SET_CLIENT=@@CHARACTER_SET_CLIENT */;
/*!40101 SET @OLD_CHARACTER_SET_RESULTS=@@CHARACTER_SET_RESULTS */;
/*!40101 SET @OLD_COLLATION_CONNECTION=@@COLLATION_CONNECTION */;
/*!50503 SET NAMES utf8mb4 */;
/*!40103 SET @OLD_TIME_ZONE=@@TIME_ZONE */;
/*!40103 SET TIME_ZONE='+00:00' */;
/*!40014 SET @OLD_UNIQUE_CHECKS=@@UNIQUE_CHECKS, UNIQUE_CHECKS=0 */;
/*!40014 SET @OLD_FOREIGN_KEY_CHECKS=@@FOREIGN_KEY_CHECKS, FOREIGN_KEY_CHECKS=0 */;
/*!40101 SET @OLD_SQL_MODE=@@SQL_MODE, SQL_MODE='NO_AUTO_VALUE_ON_ZERO' */;
/*!40111 SET @OLD_SQL_NOTES=@@SQL_NOTES, SQL_NOTES=0 */;

--
-- Table structure for table `child`
--

DROP TABLE IF EXISTS `child`;
/*!40101 SET @saved_cs_client     = @@character_set_client */;
/*!50503 SET character_set_client = utf8mb4 */;
CREATE TABLE `child` (
  `child_id` bigint NOT NULL AUTO_INCREMENT,
  `birth` date NOT NULL,
  `created_at` datetime(6) DEFAULT NULL,
  `gender` enum('FEMALE','MALE') COLLATE utf8mb4_general_ci NOT NULL,
  `nickname` varchar(255) COLLATE utf8mb4_general_ci NOT NULL,
  `personal_record` int DEFAULT NULL,
  `point` int NOT NULL,
  `profile_image` varchar(255) COLLATE utf8mb4_general_ci DEFAULT NULL,
  `updated_at` datetime(6) DEFAULT NULL,
  `user_id` int DEFAULT NULL,
  PRIMARY KEY (`child_id`),
  KEY `FKhammc4lt8o70x3ct1pipt4y4l` (`user_id`),
  CONSTRAINT `FKhammc4lt8o70x3ct1pipt4y4l` FOREIGN KEY (`user_id`) REFERENCES `user` (`user_id`)
) ENGINE=InnoDB AUTO_INCREMENT=149 DEFAULT CHARSET=utf8mb4 COLLATE=utf8mb4_general_ci;
/*!40101 SET character_set_client = @saved_cs_client */;

--
-- Dumping data for table `child`
--

LOCK TABLES `child` WRITE;
/*!40000 ALTER TABLE `child` DISABLE KEYS */;
INSERT INTO `child` VALUES (7,'2020-01-01','2024-08-05 17:10:20.000000','FEMALE','tn',0,0,'www.example.com','2024-08-05 17:10:20.000000',8),(8,'2020-01-01','2024-08-05 17:10:27.000000','FEMALE','tn33',0,0,'www.example.com','2024-08-05 17:10:27.000000',8),(9,'2020-01-01','2024-08-05 17:13:03.000000','MALE','tn33',0,2147479147,'www.example.com','2024-08-06 15:41:33.000000',8),(10,'2020-01-01','2024-08-05 17:13:19.000000','MALE','tn33',0,0,'www.example.com','2024-08-05 17:13:19.000000',8),(17,'2020-01-01','2024-08-07 10:10:41.000000','MALE','tn33',0,0,'www.example.com','2024-08-07 10:10:41.000000',16),(23,'2020-01-01','2024-08-07 10:21:32.000000','MALE','tn33333',0,-26830495,'www.example.com','2024-08-07 14:53:29.000000',17),(41,'2024-05-16','2024-08-09 12:34:43.000000','MALE','gsdfgsdg',0,0,'/src/assets/img/User/SingingBanana.png','2024-08-09 12:36:01.000000',20),(50,'2024-07-30','2024-08-12 10:22:48.000000','MALE','sdsad',0,0,'/src/assets/img/User/SingingBanana.png','2024-08-12 10:22:48.000000',23),(54,'2024-08-12','2024-08-12 16:14:01.000000','MALE','아가띵코',0,0,'/assets/SingingBanana-VojENRvi.png','2024-08-12 16:14:01.000000',27),(55,'2024-08-12','2024-08-12 16:15:45.000000','MALE','sil',0,0,'/assets/SingingBanana-VojENRvi.png','2024-08-12 16:15:45.000000',26),(56,'2024-08-01','2024-08-12 16:16:17.000000','MALE','silver',0,0,'/assets/SingingBanana-VojENRvi.png','2024-08-12 16:16:17.000000',26),(57,'2024-08-12','2024-08-12 16:16:24.000000','FEMALE','공쥬띵코',0,0,'/assets/SingingBanana-VojENRvi.png','2024-08-12 16:16:24.000000',27),(79,'2024-08-09','2024-08-12 17:04:53.000000','MALE','sdfsdfas',0,0,'/src/assets/img/User/SingingBanana.png','2024-08-12 17:04:53.000000',25),(84,'2018-08-13','2024-08-13 10:24:18.000000','FEMALE','천사희윤',0,0,'/assets/SingingBanana-VojENRvi.png','2024-08-13 10:24:18.000000',35),(87,'2015-02-05','2024-08-13 12:41:43.000000','MALE','파워승민짱짱맨123',0,8,'https://ssafy.b-cdn.net/image/5b728ed1-8e56-463f-98ff-aadd9f9f5a911723639290130.png','2024-08-14 21:41:52.000000',25),(88,'1994-03-08','2024-08-13 13:48:57.000000','MALE','이츠미',0,0,'/assets/SingingBanana-VojENRvi.png','2024-08-13 13:48:57.000000',39),(91,'1998-09-25','2024-08-13 15:06:49.000000','MALE','와우박스',0,16,'/assets/SingingBanana-VojENRvi.png','2024-08-14 12:36:13.000000',41),(93,'2000-04-19','2024-08-13 16:59:48.000000','MALE','동규',0,2,'/assets/SingingBanana-VojENRvi.png','2024-08-13 17:07:30.000000',55),(94,'1997-10-01','2024-08-13 19:38:45.000000','FEMALE','윤예리',0,24,'https://ssafy.b-cdn.net/image/2fa9a04e-71e7-4bcc-b593-b6886dc3838c1723545523666.png','2024-08-14 09:39:32.000000',57),(95,'2016-11-10','2024-08-13 20:21:36.000000','FEMALE','복준이',0,16,'/assets/SingingBanana-VojENRvi.png','2024-08-14 19:57:58.000000',58),(96,'2018-05-17','2024-08-13 20:21:54.000000','FEMALE','복복이',0,0,'/assets/SingingBanana-VojENRvi.png','2024-08-13 20:21:54.000000',58),(97,'2024-08-14','2024-08-13 21:52:18.000000','MALE','윤예리2',0,6,'/src/assets/img/User/SingingBanana.png','2024-08-14 09:37:42.000000',57),(98,'2024-07-31','2024-08-13 21:54:22.000000','MALE','윤예리3',0,19994832,'https://ssafy.b-cdn.net/image/5d766b23-7c53-4547-8cfd-89601dcd3ec11723619011475.png','2024-08-14 16:03:34.000000',57),(99,'1996-07-19','2024-08-14 09:13:40.000000','FEMALE','돌룰리',0,0,'/assets/SingingBanana-VojENRvi.png','2024-08-14 09:13:40.000000',59),(100,'2024-08-08','2024-08-14 09:22:20.000000','MALE','신짱구',0,24,'https://ssafy.b-cdn.net/image/d7a62f8a-4fe0-476f-86ab-75524e7dbc071723594934286.png','2024-08-15 16:11:39.000000',60),(101,'2024-08-14','2024-08-14 09:42:46.000000','MALE','야리야리',0,16,'https://ssafy.b-cdn.net/image/b870c88b-6fba-4b6a-ae80-8eab545022e51723596111593.png','2024-08-14 14:25:30.000000',61),(104,'2024-08-13','2024-08-14 10:04:03.000000','MALE','윤예리',0,18,'https://ssafy.b-cdn.net/image/1f727978-dee2-44cd-baf3-9280177ac4531723601879933.png','2024-08-14 11:18:02.000000',61),(105,'2024-07-30','2024-08-14 11:47:13.000000','MALE','야리야리',0,2,'https://ssafy.b-cdn.net/image/cb46532c-9210-4ff4-851b-7f21ef18654d1723603624800.png','2024-08-14 12:09:17.000000',57),(106,'2024-08-15','2024-08-14 11:47:28.000000','MALE','야리야리2',0,0,'https://ssafy.b-cdn.net/image/fc98fcce-d7a6-4f99-af95-6b828c1535ad1723617499642.png','2024-08-14 15:38:21.000000',57),(107,'2024-08-15','2024-08-14 11:52:17.000000','MALE','dd',0,0,'/src/assets/img/User/SingingBanana.png','2024-08-14 11:52:17.000000',57),(108,'1999-09-08','2024-08-14 15:15:30.000000','MALE','인프라_살려',0,97716,'https://ssafy.b-cdn.net/image/5f58ae5e-41a1-4b31-87a9-fc3b9edc4f351723623111468.jpeg','2024-08-14 17:13:58.000000',62),(111,'2024-08-15','2024-08-14 16:03:56.000000','MALE','dfdf',0,0,'https://ssafy.b-cdn.net/image/bf550a5d-e032-49c3-981f-90e5762f367b1723619028734.png','2024-08-14 16:03:56.000000',57),(113,'2008-01-18','2024-08-14 16:22:34.000000','FEMALE','난키티',0,0,'/assets/SingingBanana-VojENRvi.png','2024-08-14 16:22:34.000000',63),(114,'2021-08-14','2024-08-14 16:38:34.000000','MALE','galler-ist',0,0,'/assets/SingingBanana-VojENRvi.png','2024-08-14 16:38:34.000000',64),(115,'2024-08-14','2024-08-14 16:38:52.000000','FEMALE','dkdkdkdk',0,0,'/assets/SingingBanana-VojENRvi.png','2024-08-14 16:38:52.000000',65),(116,'2024-08-06','2024-08-14 16:39:57.000000','MALE','지환짱',0,0,'/assets/SingingBanana-VojENRvi.png','2024-08-14 16:39:57.000000',67),(117,'2000-04-08','2024-08-14 16:40:11.000000','FEMALE','힘미',0,14,'/assets/SingingBanana-VojENRvi.png','2024-08-14 16:44:36.000000',66),(118,'1995-03-14','2024-08-14 16:40:19.000000','MALE','Joon',0,0,'/assets/SingingBanana-VojENRvi.png','2024-08-14 16:40:19.000000',68),(119,'2024-07-31','2024-08-14 16:40:46.000000','MALE','qwe',0,0,'/assets/SingingBanana-VojENRvi.png','2024-08-14 16:40:46.000000',69),(120,'2024-08-14','2024-08-14 16:41:14.000000','FEMALE','세종대왕',0,0,'https://ssafy.b-cdn.net/image/bb84e587-d47e-4481-9c2e-f8b9361484081723621258206.png','2024-08-14 16:41:14.000000',70),(121,'2024-08-08','2024-08-14 16:42:29.000000','MALE','원싸피',0,0,'/assets/SingingBanana-VojENRvi.png','2024-08-14 16:42:29.000000',71),(123,'2024-08-02','2024-08-14 16:49:17.000000','MALE','admin',0,16,'https://ssafy.b-cdn.net/image/083cc239-7cda-4aa1-bf59-45c1013469dc1723621750290.jpeg','2024-08-14 17:03:48.000000',73),(124,'2024-08-01','2024-08-14 16:49:18.000000','MALE','기민제라능',0,0,'/assets/SingingBanana-VojENRvi.png','2024-08-14 16:49:18.000000',74),(125,'2024-08-02','2024-08-14 16:49:37.000000','MALE','김인제라능',0,16,'https://ssafy.b-cdn.net/image/f8c8b4d6-69c3-494e-af61-8016094fc5201723622782624.png','2024-08-14 17:06:26.000000',74),(126,'2024-08-14','2024-08-14 16:51:09.000000','MALE','viiktor',0,0,'https://ssafy.b-cdn.net/image/398a2073-11fc-4744-98ea-daacdd37fa601723621864845.png','2024-08-14 16:51:09.000000',75),(127,'1998-07-01','2024-08-14 16:56:09.000000','FEMALE','수민',0,0,'https://ssafy.b-cdn.net/image/7d1a08ec-25dc-45dc-bf67-f868aef537d91723622148237.png','2024-08-14 16:56:09.000000',76),(128,'1976-06-24','2024-08-14 17:00:27.000000','MALE','웅엥웅',0,12,'/assets/SingingBanana-VojENRvi.png','2024-08-14 17:03:58.000000',77),(130,'1999-12-07','2024-08-14 17:27:44.000000','MALE','test1',0,14,'/assets/SingingBanana-VojENRvi.png','2024-08-15 14:58:56.000000',79),(131,'2019-07-10','2024-08-14 17:29:26.000000','MALE','쭌이야',0,0,'https://ssafy.b-cdn.net/image/2a87de26-e664-42dd-9fe2-d7e4355e8e631723624156850.jpeg','2024-08-14 17:29:26.000000',78),(132,'1999-01-14','2024-08-14 17:50:21.000000','MALE','qqqqq',0,0,'/assets/SingingBanana-VojENRvi.png','2024-08-14 17:50:21.000000',80),(133,'2024-08-01','2024-08-14 17:55:19.000000','MALE','돌고래',0,0,'https://ssafy.b-cdn.net/image/cf86747b-9998-4ef4-a581-6502ed7808ca1723625712840.png','2024-08-14 17:55:19.000000',81),(134,'2024-08-15','2024-08-14 20:26:47.000000','FEMALE','햄왕',0,0,'https://ssafy.b-cdn.net/image/6d73bc4f-8554-4908-b3ef-951c2aaec8351723634794801.gif','2024-08-14 20:26:47.000000',82),(135,'2024-08-24','2024-08-14 20:26:56.000000','MALE','ㅋㅋ',0,0,'/assets/SingingBanana-VojENRvi.png','2024-08-14 20:26:56.000000',82),(136,'2024-08-30','2024-08-14 20:31:28.000000','FEMALE','하이',0,12,'https://ssafy.b-cdn.net/image/730d72f4-403f-4832-9c67-cfd064df27ac1723635068008.jpeg','2024-08-14 20:35:52.000000',83),(137,'2024-08-15','2024-08-14 20:51:10.000000','FEMALE','asdfasdf',0,0,'/assets/SingingBanana-VojENRvi.png','2024-08-14 20:51:10.000000',84),(138,'2024-08-15','2024-08-14 21:29:50.000000','MALE','fdsdd',0,0,'/assets/SingingBanana-VojENRvi.png','2024-08-14 21:29:50.000000',85),(139,'1111-11-11','2024-08-15 00:05:34.000000','MALE','감자맨',0,0,'/assets/SingingBanana-VojENRvi.png','2024-08-15 00:05:34.000000',86),(140,'2024-08-14','2024-08-15 01:07:24.000000','MALE','aa',0,0,'/assets/SingingBanana-VojENRvi.png','2024-08-15 01:07:24.000000',87),(141,'2024-08-15','2024-08-15 03:32:51.000000','MALE','jj',0,0,'https://ssafy.b-cdn.net/image/e03972ab-422c-4f44-8d09-67b8ed12e4d41723660476342.jpeg','2024-08-15 03:34:38.000000',88),(142,'1998-09-25','2024-08-15 08:40:12.000000','MALE','요술다람쥐',0,0,'/assets/SingingBanana-VojENRvi.png','2024-08-15 08:40:12.000000',89),(143,'1995-07-04','2024-08-15 14:36:35.000000','MALE','',0,0,'https://ssafy.b-cdn.net/image/b725b69e-38c2-4a42-a768-49e4939da90b1723700174846.jpeg','2024-08-15 14:36:35.000000',90),(144,'2024-07-30','2024-08-15 14:55:08.000000','MALE','택구',0,0,'/assets/SingingBanana-VojENRvi.png','2024-08-15 14:55:08.000000',91),(145,'2024-07-31','2024-08-15 14:55:17.000000','MALE','아이',0,0,'/assets/SingingBanana-VojENRvi.png','2024-08-15 14:55:17.000000',91),(146,'1999-09-08','2024-08-15 15:29:43.000000','MALE','바미',0,12,'https://ssafy.b-cdn.net/image/8759bdc7-020b-4682-88b0-d3b6d843965f1723703378021.jpeg','2024-08-15 15:41:34.000000',92),(147,'1999-06-04','2024-08-15 15:31:50.000000','MALE','쭌',0,0,'https://ssafy.b-cdn.net/image/fd804fee-6b37-4184-9814-89e3a4a62c701723703390774.jpeg','2024-08-15 15:31:50.000000',92),(148,'2012-06-15','2024-08-15 16:20:44.000000','FEMALE','서쪼꼬',0,12,'https://ssafy.b-cdn.net/image/b5c70753-f174-4db4-8cec-712148421f031723706425373.jpeg','2024-08-15 16:33:29.000000',93);
/*!40000 ALTER TABLE `child` ENABLE KEYS */;
UNLOCK TABLES;

--
-- Table structure for table `child_item`
--

DROP TABLE IF EXISTS `child_item`;
/*!40101 SET @saved_cs_client     = @@character_set_client */;
/*!50503 SET character_set_client = utf8mb4 */;
CREATE TABLE `child_item` (
  `child_item_id` bigint NOT NULL AUTO_INCREMENT,
  `is_on` bit(1) DEFAULT NULL,
  `child_id` bigint DEFAULT NULL,
  `item_id` bigint DEFAULT NULL,
  PRIMARY KEY (`child_item_id`),
  KEY `FK3a1sfy9oar0hfwt8jhdexvm6y` (`child_id`),
  KEY `FKls64cd41od189brbjwee6fveb` (`item_id`),
  CONSTRAINT `FK3a1sfy9oar0hfwt8jhdexvm6y` FOREIGN KEY (`child_id`) REFERENCES `child` (`child_id`),
  CONSTRAINT `FKls64cd41od189brbjwee6fveb` FOREIGN KEY (`item_id`) REFERENCES `item` (`item_id`)
) ENGINE=InnoDB AUTO_INCREMENT=246 DEFAULT CHARSET=utf8mb4 COLLATE=utf8mb4_general_ci;
/*!40101 SET character_set_client = @saved_cs_client */;

--
-- Dumping data for table `child_item`
--

LOCK TABLES `child_item` WRITE;
/*!40000 ALTER TABLE `child_item` DISABLE KEYS */;
INSERT INTO `child_item` VALUES (7,_binary '\0',9,1),(8,_binary '\0',9,2),(9,_binary '\0',9,3),(10,_binary '\0',9,4),(11,_binary '\0',9,5),(12,_binary '\0',9,6),(13,_binary '\0',9,7),(14,_binary '\0',9,8),(15,_binary '\0',9,9),(32,_binary '\0',23,3),(33,_binary '',23,4),(34,_binary '\0',23,5),(35,_binary '\0',23,6),(37,_binary '\0',23,8),(38,_binary '\0',23,9),(39,_binary '',23,10),(85,_binary '',79,1),(86,_binary '',79,2),(95,_binary '',84,1),(96,_binary '',84,2),(101,_binary '',87,1),(102,_binary '',87,2),(103,_binary '',88,1),(104,_binary '',88,2),(109,_binary '',91,1),(110,_binary '',91,2),(115,_binary '',93,1),(116,_binary '',93,2),(123,_binary '',94,1),(124,_binary '',94,2),(125,_binary '',95,1),(126,_binary '',95,2),(127,_binary '',96,1),(128,_binary '',96,2),(129,_binary '',97,1),(130,_binary '',97,2),(131,_binary '\0',98,1),(132,_binary '',98,2),(133,_binary '\0',98,7),(134,_binary '\0',98,8),(135,_binary '\0',98,6),(136,_binary '\0',98,3),(137,_binary '\0',98,4),(138,_binary '\0',98,10),(139,_binary '\0',98,9),(140,_binary '',55,1),(141,_binary '',99,1),(142,_binary '',99,2),(143,_binary '',100,1),(144,_binary '',100,2),(145,_binary '',101,1),(146,_binary '',101,2),(151,_binary '',104,1),(152,_binary '',104,2),(153,_binary '',98,5),(154,_binary '',105,1),(155,_binary '',105,2),(156,_binary '',106,1),(157,_binary '',106,2),(158,_binary '',107,1),(159,_binary '',107,2),(161,_binary '',108,1),(162,_binary '\0',108,2),(163,_binary '\0',108,4),(164,_binary '',108,10),(165,_binary '\0',108,9),(170,_binary '',111,1),(171,_binary '',111,2),(174,_binary '',113,1),(175,_binary '',113,2),(176,_binary '',114,1),(177,_binary '',114,2),(178,_binary '',115,1),(179,_binary '',115,2),(180,_binary '',116,1),(181,_binary '',116,2),(182,_binary '',117,1),(183,_binary '',117,2),(184,_binary '',118,1),(185,_binary '',118,2),(186,_binary '',119,1),(187,_binary '',119,2),(188,_binary '',120,1),(189,_binary '',120,2),(190,_binary '',121,1),(191,_binary '',121,2),(194,_binary '',123,1),(195,_binary '',123,2),(196,_binary '',124,1),(197,_binary '',124,2),(198,_binary '',125,1),(199,_binary '',125,2),(200,_binary '',126,1),(201,_binary '',126,2),(202,_binary '',127,1),(203,_binary '',127,2),(204,_binary '',128,1),(205,_binary '',128,2),(208,_binary '',130,1),(209,_binary '',130,2),(210,_binary '',131,1),(211,_binary '',131,2),(212,_binary '',132,1),(213,_binary '',132,2),(214,_binary '',133,1),(215,_binary '',133,2),(216,_binary '',134,1),(217,_binary '',134,2),(218,_binary '',135,1),(219,_binary '',135,2),(220,_binary '',136,1),(221,_binary '',136,2),(222,_binary '',137,1),(223,_binary '',137,2),(224,_binary '',138,1),(225,_binary '',138,2),(226,_binary '',139,1),(227,_binary '',139,2),(228,_binary '',140,1),(229,_binary '',140,2),(230,_binary '',141,1),(231,_binary '',141,2),(232,_binary '',142,1),(233,_binary '',142,2),(234,_binary '',143,1),(235,_binary '',143,2),(236,_binary '',144,1),(237,_binary '',144,2),(238,_binary '',145,1),(239,_binary '',145,2),(240,_binary '',146,1),(241,_binary '',146,2),(242,_binary '',147,1),(243,_binary '',147,2),(244,_binary '',148,1),(245,_binary '',148,2);
/*!40000 ALTER TABLE `child_item` ENABLE KEYS */;
UNLOCK TABLES;

--
-- Table structure for table `item`
--

DROP TABLE IF EXISTS `item`;
/*!40101 SET @saved_cs_client     = @@character_set_client */;
/*!50503 SET character_set_client = utf8mb4 */;
CREATE TABLE `item` (
  `item_id` bigint NOT NULL AUTO_INCREMENT,
  `category` varchar(255) COLLATE utf8mb4_general_ci DEFAULT NULL,
  `created_at` datetime(6) DEFAULT NULL,
  `item_name` varchar(255) COLLATE utf8mb4_general_ci DEFAULT NULL,
  `item_type` enum('BACKGROUND','FRAME') COLLATE utf8mb4_general_ci DEFAULT NULL,
  `photo` varchar(255) COLLATE utf8mb4_general_ci DEFAULT NULL,
  `price` int NOT NULL,
  PRIMARY KEY (`item_id`)
) ENGINE=InnoDB AUTO_INCREMENT=11 DEFAULT CHARSET=utf8mb4 COLLATE=utf8mb4_general_ci;
/*!40101 SET character_set_client = @saved_cs_client */;

--
-- Dumping data for table `item`
--

LOCK TABLES `item` WRITE;
/*!40000 ALTER TABLE `item` DISABLE KEYS */;
INSERT INTO `item` VALUES (1,'Category1','2024-08-05 08:05:54.000000','Item1','FRAME','https://ssafy-common.b-cdn.net/frame_1.png',0),(2,'Category2','2024-08-05 08:05:54.000000','Item2','BACKGROUND','https://ssafy-common.b-cdn.net/background_2.png',0),(3,'Category1','2024-08-05 08:05:54.000000','Item3','FRAME','https://ssafy-common.b-cdn.net/frame_3.png',30),(4,'Category2','2024-08-05 08:05:54.000000','Item4','FRAME','https://ssafy-common.b-cdn.net/frame_4.png',40),(5,'Category1','2024-08-05 08:05:54.000000','Item5','FRAME','https://ssafy-common.b-cdn.net/frame_5.png',50),(6,'Category2','2024-08-05 08:05:54.000000','Item6','BACKGROUND','https://ssafy-common.b-cdn.net/background_1.png',60),(7,'Category1','2024-08-05 08:05:54.000000','Item7','BACKGROUND','https://ssafy-common.b-cdn.net/background_2.png',70),(8,'Category2','2024-08-05 08:05:54.000000','Item8','BACKGROUND','https://ssafy-common.b-cdn.net/background_3.png',80),(9,'Category1','2024-08-05 08:05:54.000000','Item9','BACKGROUND','https://ssafy-common.b-cdn.net/background_4.png',90),(10,'Category2','2024-08-05 08:05:54.000000','Item10','BACKGROUND','https://ssafy-common.b-cdn.net/background_5.png',100);
/*!40000 ALTER TABLE `item` ENABLE KEYS */;
UNLOCK TABLES;

--
-- Table structure for table `physical_record`
--

DROP TABLE IF EXISTS `physical_record`;
/*!40101 SET @saved_cs_client     = @@character_set_client */;
/*!50503 SET character_set_client = utf8mb4 */;
CREATE TABLE `physical_record` (
  `physical_record_id` bigint NOT NULL AUTO_INCREMENT,
  `bmi` float DEFAULT NULL,
  `created_at` datetime(6) DEFAULT NULL,
  `height` float DEFAULT NULL,
  `updated_at` datetime(6) DEFAULT NULL,
  `weight` float DEFAULT NULL,
  `child_id` bigint DEFAULT NULL,
  PRIMARY KEY (`physical_record_id`),
  KEY `FKku54fy272dew6ok00tx6wveu` (`child_id`),
  CONSTRAINT `FKku54fy272dew6ok00tx6wveu` FOREIGN KEY (`child_id`) REFERENCES `child` (`child_id`)
) ENGINE=InnoDB AUTO_INCREMENT=73 DEFAULT CHARSET=utf8mb4 COLLATE=utf8mb4_general_ci;
/*!40101 SET character_set_client = @saved_cs_client */;

--
-- Dumping data for table `physical_record`
--

LOCK TABLES `physical_record` WRITE;
/*!40000 ALTER TABLE `physical_record` DISABLE KEYS */;
INSERT INTO `physical_record` VALUES (31,100,'2024-08-13 12:34:45.000000',100,'2024-08-13 12:34:45.000000',100,79),(32,83.33,'2024-08-13 12:35:04.000000',120,'2024-08-13 12:35:04.000000',120,79),(33,69.26,'2024-08-13 12:35:13.000000',137,'2024-08-13 12:35:13.000000',130,79),(34,17.2,'2024-07-01 00:00:00.000000',120.5,'2024-07-01 00:00:00.000000',25,87),(35,17.3,'2024-07-08 00:00:00.000000',120.7,'2024-07-08 00:00:00.000000',25.2,87),(36,17.4,'2024-07-15 00:00:00.000000',120.9,'2024-07-15 00:00:00.000000',25.4,87),(37,17.5,'2024-07-22 00:00:00.000000',121,'2024-07-22 00:00:00.000000',25.5,87),(38,17.6,'2024-07-29 00:00:00.000000',121.1,'2024-07-29 00:00:00.000000',25.6,87),(39,17.7,'2024-08-05 00:00:00.000000',121.3,'2024-08-05 00:00:00.000000',25.8,87),(40,17.8,'2024-08-12 00:00:00.000000',121.4,'2024-08-12 00:00:00.000000',26,87),(41,17.9,'2024-08-19 00:00:00.000000',121.5,'2024-08-19 00:00:00.000000',26.1,87),(42,18,'2024-08-26 00:00:00.000000',121.7,'2024-08-26 00:00:00.000000',26.3,87),(43,15.98,'2024-08-13 17:40:40.000000',130,'2024-08-13 17:40:40.000000',27,87),(44,17.85,'2024-08-13 17:41:35.000000',123,'2024-08-13 17:41:35.000000',27,87),(45,7.81,'2024-08-13 20:49:01.000000',160,'2024-08-13 20:52:22.000000',20,94),(47,9.09,'2024-08-14 10:12:28.000000',110,'2024-08-14 10:12:28.000000',11,104),(48,20.81,'2024-08-14 12:13:02.000000',174,'2024-08-14 12:13:02.000000',63,91),(49,8.26,'2024-08-14 12:18:05.000000',110,'2024-08-14 12:18:05.000000',10,105),(50,27.78,'2024-08-14 12:18:11.000000',120,'2024-08-14 12:18:11.000000',40,105),(51,7.81,'2024-08-14 14:19:32.000000',160,'2024-08-14 14:19:32.000000',20,101),(52,22.92,'2024-08-15 15:00:43.000000',176,'2024-08-15 15:00:43.000000',71,130),(53,16,'2024-01-01 00:00:00.000000',125,'2024-01-01 00:00:00.000000',25,146),(54,16.3802,'2024-01-29 00:00:00.000000',125.544,'2024-01-29 00:00:00.000000',25.8174,146),(55,16.7527,'2024-03-01 00:00:00.000000',127.079,'2024-03-01 00:00:00.000000',27.0539,146),(56,16.9564,'2024-05-15 00:00:00.000000',127.568,'2024-05-15 00:00:00.000000',27.5943,146),(57,17.0754,'2024-07-01 00:00:00.000000',127.794,'2024-07-01 00:00:00.000000',27.8863,146),(58,17.2463,'2024-08-15 00:00:00.000000',128.522,'2024-08-15 00:00:00.000000',28.487,146),(59,16.6238,'2024-08-01 00:00:00.000000',130.17,'2024-08-01 00:00:00.000000',28.1677,146),(60,16.8451,'2024-08-02 00:00:00.000000',130.253,'2024-08-02 00:00:00.000000',28.5792,146),(61,16.9253,'2024-08-03 00:00:00.000000',130.506,'2024-08-03 00:00:00.000000',28.8267,146),(62,16.9752,'2024-08-04 00:00:00.000000',130.55,'2024-08-04 00:00:00.000000',28.9315,146),(63,16.9522,'2024-08-05 00:00:00.000000',130.686,'2024-08-05 00:00:00.000000',28.9525,146),(64,16.9265,'2024-08-06 00:00:00.000000',130.953,'2024-08-06 00:00:00.000000',29.0266,146),(65,17.0416,'2024-08-07 00:00:00.000000',131.107,'2024-08-07 00:00:00.000000',29.2927,146),(66,17.0357,'2024-08-08 00:00:00.000000',131.301,'2024-08-08 00:00:00.000000',29.3695,146),(67,17.1317,'2024-08-09 00:00:00.000000',131.374,'2024-08-09 00:00:00.000000',29.568,146),(68,17.3175,'2024-08-10 00:00:00.000000',131.412,'2024-08-10 00:00:00.000000',29.9061,146),(69,17.3286,'2024-08-11 00:00:00.000000',131.437,'2024-08-11 00:00:00.000000',29.9362,146),(70,17.3868,'2024-08-12 00:00:00.000000',131.481,'2024-08-12 00:00:00.000000',30.0568,146),(71,17.4932,'2024-08-13 00:00:00.000000',131.621,'2024-08-13 00:00:00.000000',30.3053,146),(72,17.4979,'2024-08-14 00:00:00.000000',131.621,'2024-08-14 00:00:00.000000',30.3137,146);
/*!40000 ALTER TABLE `physical_record` ENABLE KEYS */;
UNLOCK TABLES;

--
-- Table structure for table `play_record`
--

DROP TABLE IF EXISTS `play_record`;
/*!40101 SET @saved_cs_client     = @@character_set_client */;
/*!50503 SET character_set_client = utf8mb4 */;
CREATE TABLE `play_record` (
  `play_record_id` bigint NOT NULL AUTO_INCREMENT,
  `burned_calorie` int NOT NULL,
  `created_at` datetime(6) DEFAULT NULL,
  `playtime` int NOT NULL,
  `score` int NOT NULL,
  `child_id` bigint DEFAULT NULL,
  PRIMARY KEY (`play_record_id`),
  KEY `FK7k8pvypai5b22ythemrotc36y` (`child_id`),
  CONSTRAINT `FK7k8pvypai5b22ythemrotc36y` FOREIGN KEY (`child_id`) REFERENCES `child` (`child_id`)
) ENGINE=InnoDB AUTO_INCREMENT=180 DEFAULT CHARSET=utf8mb4 COLLATE=utf8mb4_general_ci;
/*!40101 SET character_set_client = @saved_cs_client */;

--
-- Dumping data for table `play_record`
--

LOCK TABLES `play_record` WRITE;
/*!40000 ALTER TABLE `play_record` DISABLE KEYS */;
INSERT INTO `play_record` VALUES (19,0,'2024-08-13 15:17:10.000000',0,0,91),(20,0,'2024-08-13 15:20:40.000000',0,0,91),(21,0,'2024-08-13 15:22:29.000000',0,0,91),(32,0,'2024-08-13 17:07:29.000000',0,0,93),(42,0,'2024-08-13 19:57:30.000000',0,0,94),(43,0,'2024-08-13 20:35:29.000000',0,0,95),(44,0,'2024-08-13 21:48:50.000000',0,0,94),(45,0,'2024-08-13 21:53:54.000000',0,0,97),(46,0,'2024-08-13 21:55:56.000000',0,0,98),(47,4,'2024-08-13 22:04:43.000000',60,8,98),(50,0,'2024-08-13 22:35:47.000000',0,0,98),(53,0,'2024-08-13 22:39:17.000000',0,0,98),(54,0,'2024-08-13 22:39:53.000000',0,0,98),(55,0,'2024-08-13 22:40:18.000000',0,0,94),(56,0,'2024-08-13 22:43:50.000000',0,0,94),(57,0,'2024-08-13 22:45:00.000000',0,0,94),(58,0,'2024-08-13 23:06:50.000000',0,0,94),(59,4,'2024-08-14 00:15:14.000000',60,0,98),(60,0,'2024-08-14 00:47:07.000000',0,0,98),(61,4,'2024-08-14 00:48:42.000000',60,5,98),(62,4,'2024-08-14 00:56:16.000000',60,3,98),(63,0,'2024-08-14 01:19:15.000000',0,0,98),(64,4,'2024-08-14 01:47:37.000000',60,3,98),(65,4,'2024-08-14 08:49:27.000000',60,71,97),(73,4,'2024-08-14 09:29:17.000000',60,86,98),(74,4,'2024-08-14 09:37:41.000000',60,35,97),(75,4,'2024-08-14 09:39:32.000000',60,78,94),(76,4,'2024-08-14 10:06:06.000000',60,49,104),(77,0,'2024-08-14 10:06:17.000000',0,0,104),(81,0,'2024-08-14 10:08:29.000000',0,0,104),(82,0,'2024-08-14 10:10:21.000000',0,0,104),(86,0,'2024-08-14 11:57:40.000000',0,0,91),(88,0,'2024-08-14 11:59:16.000000',0,0,91),(89,0,'2024-08-14 11:59:39.000000',0,0,91),(90,0,'2024-08-14 11:59:42.000000',0,0,91),(93,0,'2024-08-14 12:09:17.000000',0,0,105),(110,4,'2024-08-14 12:36:13.000000',60,50,91),(120,4,'2024-08-14 14:17:28.000000',60,88,101),(121,0,'2024-08-14 14:18:04.000000',0,0,101),(122,4,'2024-08-14 14:25:30.000000',60,28,101),(127,4,'2024-08-14 16:09:55.000000',60,76,108),(129,4,'2024-08-14 16:43:11.000000',60,5,117),(130,4,'2024-08-14 16:44:36.000000',60,5,117),(131,4,'2024-08-14 16:56:41.000000',60,38,125),(132,4,'2024-08-14 16:59:50.000000',60,50,123),(133,4,'2024-08-14 17:01:38.000000',60,51,125),(134,4,'2024-08-14 17:01:48.000000',60,58,123),(135,4,'2024-08-14 17:03:03.000000',60,92,125),(136,4,'2024-08-14 17:03:48.000000',60,105,123),(137,4,'2024-08-14 17:03:58.000000',60,84,128),(140,4,'2024-08-14 17:36:02.000000',60,33,100),(141,4,'2024-08-14 19:46:40.000000',60,60,95),(142,4,'2024-08-14 19:57:58.000000',60,70,95),(143,4,'2024-08-14 20:35:52.000000',60,108,136),(144,4,'2024-08-15 14:56:30.000000',60,23,130),(145,4,'2024-08-15 14:58:56.000000',60,40,130),(146,4,'2024-08-15 15:41:34.000000',60,101,146),(147,576,'2024-08-01 00:00:00.000000',60,96,146),(148,492,'2024-08-02 00:00:00.000000',60,82,146),(149,498,'2024-08-03 00:00:00.000000',60,83,146),(150,546,'2024-08-14 00:00:00.000000',60,91,146),(151,510,'2024-08-01 00:00:00.000000',60,92,146),(152,516,'2024-08-01 00:00:00.000000',60,92,146),(153,504,'2024-08-01 00:00:00.000000',60,85,146),(154,552,'2024-08-02 00:00:00.000000',60,84,146),(155,516,'2024-08-02 00:00:00.000000',60,99,146),(156,558,'2024-08-02 00:00:00.000000',60,88,146),(157,504,'2024-08-02 00:00:00.000000',60,97,146),(158,534,'2024-08-03 00:00:00.000000',60,95,146),(159,528,'2024-08-03 00:00:00.000000',60,97,146),(160,582,'2024-08-03 00:00:00.000000',60,94,146),(161,594,'2024-08-03 00:00:00.000000',60,92,146),(162,492,'2024-08-03 00:00:00.000000',60,99,146),(163,510,'2024-08-04 00:00:00.000000',60,89,146),(164,534,'2024-08-04 00:00:00.000000',60,100,146),(165,534,'2024-08-04 00:00:00.000000',60,85,146),(166,486,'2024-08-05 00:00:00.000000',60,90,146),(167,522,'2024-08-05 00:00:00.000000',60,86,146),(168,528,'2024-08-05 00:00:00.000000',60,80,146),(169,600,'2024-08-06 00:00:00.000000',60,96,146),(170,492,'2024-08-06 00:00:00.000000',60,81,146),(171,492,'2024-08-06 00:00:00.000000',60,87,146),(172,540,'2024-08-06 00:00:00.000000',60,88,146),(173,540,'2024-08-06 00:00:00.000000',60,86,146),(174,594,'2024-08-07 00:00:00.000000',60,97,146),(175,534,'2024-08-07 00:00:00.000000',60,93,146),(176,582,'2024-08-07 00:00:00.000000',60,87,146),(177,498,'2024-08-08 00:00:00.000000',60,96,146),(178,4,'2024-08-15 16:11:38.000000',60,31,100),(179,4,'2024-08-15 16:33:29.000000',60,84,148);
/*!40000 ALTER TABLE `play_record` ENABLE KEYS */;
UNLOCK TABLES;

--
-- Table structure for table `point_record`
--

DROP TABLE IF EXISTS `point_record`;
/*!40101 SET @saved_cs_client     = @@character_set_client */;
/*!50503 SET character_set_client = utf8mb4 */;
CREATE TABLE `point_record` (
  `point_record_id` bigint NOT NULL AUTO_INCREMENT,
  `amount` int NOT NULL,
  `created_at` datetime(6) DEFAULT NULL,
  `source` varchar(255) COLLATE utf8mb4_general_ci DEFAULT NULL,
  `child_id` bigint DEFAULT NULL,
  PRIMARY KEY (`point_record_id`),
  KEY `FKtofbg29sg1dpj56qaca86ti37` (`child_id`),
  CONSTRAINT `FKtofbg29sg1dpj56qaca86ti37` FOREIGN KEY (`child_id`) REFERENCES `child` (`child_id`)
) ENGINE=InnoDB AUTO_INCREMENT=457 DEFAULT CHARSET=utf8mb4 COLLATE=utf8mb4_general_ci;
/*!40101 SET character_set_client = @saved_cs_client */;

--
-- Dumping data for table `point_record`
--

LOCK TABLES `point_record` WRITE;
/*!40000 ALTER TABLE `point_record` DISABLE KEYS */;
INSERT INTO `point_record` VALUES (1,2147483647,'2024-08-05 17:14:40.099048','출석',9),(21,-100,'2024-08-06 15:41:23.746954','Item1 구매',9),(22,-200,'2024-08-06 15:41:25.382744','Item2 구매',9),(23,-300,'2024-08-06 15:41:26.648031','Item3 구매',9),(24,-400,'2024-08-06 15:41:27.583003','Item4 구매',9),(25,-500,'2024-08-06 15:41:28.500309','Item5 구매',9),(26,-600,'2024-08-06 15:41:29.401759','Item6 구매',9),(27,-700,'2024-08-06 15:41:30.582317','Item7 구매',9),(28,-800,'2024-08-06 15:41:32.070348','Item8 구매',9),(29,-900,'2024-08-06 15:41:33.400060','Item9 구매',9),(49,330000,'2024-08-07 10:21:50.927848','출석',23),(50,33004400,'2024-08-07 10:21:54.170003','출석',23),(51,-100,'2024-08-07 10:22:13.186194','Item1 구매',23),(52,-200,'2024-08-07 10:22:16.295234','Item2 구매',23),(53,-300,'2024-08-07 10:22:17.274327','Item3 구매',23),(54,-400,'2024-08-07 10:22:18.124767','Item4 구매',23),(55,-500,'2024-08-07 10:22:19.793207','Item5 구매',23),(56,-600,'2024-08-07 10:22:20.669376','Item6 구매',23),(57,-700,'2024-08-07 10:22:22.536983','Item7 구매',23),(58,-800,'2024-08-07 10:22:24.864171','Item8 구매',23),(59,-900,'2024-08-07 10:22:26.083410','Item9 구매',23),(60,-1000,'2024-08-07 10:53:22.780226','Item10 구매',23),(61,-100,'2024-08-07 11:12:37.681853','Item1 구매',23),(62,-200,'2024-08-07 11:13:01.584583','Item2 구매',23),(63,-200,'2024-08-07 11:13:45.670496','Item2 구매',23),(64,-100,'2024-08-07 11:55:39.890565','Item1 구매',23),(65,-33328300,'2024-08-07 12:24:07.019855','출석',23),(66,100,'2024-08-07 14:51:57.788355','출석',23),(67,1005,'2024-08-07 14:51:59.976614','출석',23),(68,15005,'2024-08-07 14:52:01.408449','출석',23),(69,-5,'2024-08-07 14:52:15.692585','출석',23),(70,-533,'2024-08-07 14:52:18.472689','출석',23),(71,-533,'2024-08-07 14:52:20.511560','출석33',23),(72,-53333,'2024-08-07 14:52:23.718566','출44석33',23),(73,53333,'2024-08-07 14:52:26.139766','출44석33',23),(74,333,'2024-08-07 14:52:28.688996','출44석33',23),(75,3833,'2024-08-07 14:52:31.791392','출44석33',23),(76,3833,'2024-08-07 14:52:32.901056','출44석33',23),(77,383553,'2024-08-07 14:52:36.148433','출44석33',23),(78,383553,'2024-08-07 14:52:39.014721','출33',23),(79,383553,'2024-08-07 14:52:49.312261','윤예리가 간식 다먹음',23),(80,388983553,'2024-08-07 14:52:52.546270','윤예리가 간식 다먹음',23),(81,-83553,'2024-08-07 14:52:56.378892','윤예리가 간식 다먹음',23),(82,-83553,'2024-08-07 14:52:57.176169','윤예리가 간식 다먹음',23),(83,-83553,'2024-08-07 14:52:57.825876','윤예리가 간식 다먹음',23),(84,-83553,'2024-08-07 14:52:58.531390','윤예리가 간식 다먹음',23),(85,-83553,'2024-08-07 14:52:59.218261','윤예리가 간식 다먹음',23),(86,-83553,'2024-08-07 14:53:00.053764','윤예리가 간식 다먹음',23),(87,-83512353,'2024-08-07 14:53:08.464324','윤예리가 간식 다먹음',23),(88,-83512353,'2024-08-07 14:53:09.108088','윤예리가 간식 다먹음',23),(89,-83512353,'2024-08-07 14:53:09.695335','윤예리가 간식 다먹음',23),(90,-83512353,'2024-08-07 14:53:10.224782','윤예리가 간식 다먹음',23),(91,-83512353,'2024-08-07 14:53:10.758951','윤예리가 간식 다먹음',23),(92,353,'2024-08-07 14:53:23.634112','잠이 너무 온다',23),(93,353,'2024-08-07 14:53:24.698497','잠이 너무 온다',23),(94,353,'2024-08-07 14:53:25.232612','잠이 너무 온다',23),(95,358093,'2024-08-07 14:53:27.748445','잠이 너무 온다',23),(96,358093,'2024-08-07 14:53:28.809365','잠이 너무 온다',23),(97,358093,'2024-08-07 14:53:29.406824','잠이 너무 온다',23),(183,0,'2024-08-12 17:04:53.484688','Item1 구매',79),(184,0,'2024-08-12 17:04:53.507577','Item2 구매',79),(193,0,'2024-08-13 10:24:18.703769','Item1 구매',84),(194,0,'2024-08-13 10:24:18.837050','Item2 구매',84),(199,0,'2024-08-13 12:41:43.185378','Item1 구매',87),(200,0,'2024-08-13 12:41:43.243525','Item2 구매',87),(201,0,'2024-08-13 13:48:57.941558','Item1 구매',88),(202,0,'2024-08-13 13:48:57.964690','Item2 구매',88),(208,0,'2024-08-13 15:06:49.963694','Item1 구매',91),(209,0,'2024-08-13 15:06:50.027274','Item2 구매',91),(210,2,'2024-08-13 15:17:10.960298','게임 플레이 보상',91),(211,2,'2024-08-13 15:20:40.448996','게임 플레이 보상',91),(212,2,'2024-08-13 15:22:29.788353','게임 플레이 보상',91),(225,0,'2024-08-13 16:59:48.789911','Item1 구매',93),(226,0,'2024-08-13 16:59:48.854255','Item2 구매',93),(227,2,'2024-08-13 17:07:30.078046','게임 플레이 보상',93),(234,0,'2024-08-13 19:38:46.280226','Item1 구매',94),(235,0,'2024-08-13 19:38:46.385690','Item2 구매',94),(236,2,'2024-08-13 19:57:31.113444','게임 플레이 보상',94),(237,0,'2024-08-13 20:21:36.334248','Item1 구매',95),(238,0,'2024-08-13 20:21:36.374385','Item2 구매',95),(239,0,'2024-08-13 20:21:54.179008','Item1 구매',96),(240,0,'2024-08-13 20:21:54.201464','Item2 구매',96),(241,2,'2024-08-13 20:35:29.241232','게임 플레이 보상',95),(242,2,'2024-08-13 21:48:50.232882','게임 플레이 보상',94),(243,0,'2024-08-13 21:52:18.444350','Item1 구매',97),(244,0,'2024-08-13 21:52:18.486021','Item2 구매',97),(245,2,'2024-08-13 21:53:54.184352','게임 플레이 보상',97),(246,0,'2024-08-13 21:54:23.021260','Item1 구매',98),(247,0,'2024-08-13 21:54:23.086422','Item2 구매',98),(248,12,'2024-08-13 21:55:56.744838','게임 플레이 보상',98),(249,2,'2024-08-13 22:04:43.944122','게임 플레이 보상',98),(250,2,'2024-08-13 22:34:09.770124','게임 플레이 보상',87),(251,2,'2024-08-13 22:34:35.163199','게임 플레이 보상',87),(252,2,'2024-08-13 22:35:48.032171','게임 플레이 보상',98),(253,2,'2024-08-13 22:36:09.688397','게임 플레이 보상',87),(254,2,'2024-08-13 22:36:27.047974','게임 플레이 보상',87),(255,2,'2024-08-13 22:39:18.235321','게임 플레이 보상',98),(256,2,'2024-08-13 22:39:53.749951','게임 플레이 보상',98),(257,2,'2024-08-13 22:40:18.661378','게임 플레이 보상',94),(258,2,'2024-08-13 22:43:51.044769','게임 플레이 보상',94),(259,2,'2024-08-13 22:45:00.126896','게임 플레이 보상',94),(260,2,'2024-08-13 23:06:50.592693','게임 플레이 보상',94),(261,20000000,'2024-08-14 00:15:15.270096','게임 플레이 보상',98),(262,-700,'2024-08-14 00:15:43.859212','Item7 구매',98),(263,-800,'2024-08-14 00:18:27.230363','Item8 구매',98),(264,-600,'2024-08-14 00:20:25.726411','Item6 구매',98),(265,-300,'2024-08-14 00:38:05.674240','Item3 구매',98),(266,-400,'2024-08-14 00:39:58.195131','Item4 구매',98),(267,-1000,'2024-08-14 00:40:42.405259','Item10 구매',98),(268,-900,'2024-08-14 00:43:23.500094','Item9 구매',98),(269,2,'2024-08-14 00:47:07.418419','게임 플레이 보상',98),(270,2,'2024-08-14 00:48:42.209237','게임 플레이 보상',98),(271,2,'2024-08-14 00:56:16.263501','게임 플레이 보상',98),(272,2,'2024-08-14 01:19:15.442977','게임 플레이 보상',98),(273,2,'2024-08-14 01:47:38.143048','게임 플레이 보상',98),(274,0,'2024-08-14 08:46:04.212393','Item1 구매',55),(275,2,'2024-08-14 08:49:28.279111','게임 플레이 보상',97),(276,0,'2024-08-14 09:13:40.147129','Item1 구매',99),(277,0,'2024-08-14 09:13:40.204953','Item2 구매',99),(278,0,'2024-08-14 09:22:20.251654','Item1 구매',100),(279,0,'2024-08-14 09:22:20.286594','Item2 구매',100),(280,2,'2024-08-14 09:29:17.578300','게임 플레이 보상',98),(281,2,'2024-08-14 09:37:42.030691','게임 플레이 보상',97),(282,12,'2024-08-14 09:39:32.334940','게임 플레이 보상',94),(283,0,'2024-08-14 09:42:46.428474','Item1 구매',101),(284,0,'2024-08-14 09:42:46.463163','Item2 구매',101),(289,0,'2024-08-14 10:04:03.717714','Item1 구매',104),(290,0,'2024-08-14 10:04:03.757546','Item2 구매',104),(291,12,'2024-08-14 10:06:06.723086','게임 플레이 보상',104),(292,2,'2024-08-14 10:06:17.453329','게임 플레이 보상',104),(296,2,'2024-08-14 10:08:29.462552','게임 플레이 보상',104),(297,2,'2024-08-14 10:10:21.861670','게임 플레이 보상',104),(299,-500,'2024-08-14 10:34:57.797428','Item5 구매',98),(300,0,'2024-08-14 11:47:13.401954','Item1 구매',105),(301,0,'2024-08-14 11:47:13.460230','Item2 구매',105),(302,0,'2024-08-14 11:47:28.554084','Item1 구매',106),(303,0,'2024-08-14 11:47:28.601776','Item2 구매',106),(304,0,'2024-08-14 11:52:17.702036','Item1 구매',107),(305,0,'2024-08-14 11:52:17.779830','Item2 구매',107),(308,2,'2024-08-14 11:57:40.676907','게임 플레이 보상',91),(310,2,'2024-08-14 11:59:16.982650','게임 플레이 보상',91),(311,2,'2024-08-14 11:59:39.770429','게임 플레이 보상',91),(312,2,'2024-08-14 11:59:42.617503','게임 플레이 보상',91),(315,2,'2024-08-14 12:09:17.721612','게임 플레이 보상',105),(333,2,'2024-08-14 12:36:13.980888','게임 플레이 보상',91),(343,12,'2024-08-14 14:17:28.875307','게임 플레이 보상',101),(344,2,'2024-08-14 14:18:04.414584','게임 플레이 보상',101),(345,2,'2024-08-14 14:25:30.760503','게임 플레이 보상',101),(348,0,'2024-08-14 15:15:30.182488','Item1 구매',108),(349,0,'2024-08-14 15:15:30.229933','Item2 구매',108),(350,-400,'2024-08-14 15:18:01.970991','Item4 구매',108),(351,-1000,'2024-08-14 15:18:13.034281','Item10 구매',108),(352,-900,'2024-08-14 15:26:09.696844','Item9 구매',108),(359,0,'2024-08-14 16:03:56.700281','Item1 구매',111),(360,0,'2024-08-14 16:03:56.806771','Item2 구매',111),(363,12,'2024-08-14 16:09:55.787742','게임 플레이 보상',108),(364,0,'2024-08-14 16:22:35.277429','Item1 구매',113),(365,0,'2024-08-14 16:22:35.445165','Item2 구매',113),(366,2,'2024-08-14 16:30:21.894140','게임 플레이 보상',108),(367,0,'2024-08-14 16:38:34.347633','Item1 구매',114),(368,0,'2024-08-14 16:38:34.392095','Item2 구매',114),(369,0,'2024-08-14 16:38:53.024246','Item1 구매',115),(370,0,'2024-08-14 16:38:53.051689','Item2 구매',115),(371,0,'2024-08-14 16:39:57.800678','Item1 구매',116),(372,0,'2024-08-14 16:39:57.856915','Item2 구매',116),(373,0,'2024-08-14 16:40:11.977661','Item1 구매',117),(374,0,'2024-08-14 16:40:12.003007','Item2 구매',117),(375,0,'2024-08-14 16:40:19.419822','Item1 구매',118),(376,0,'2024-08-14 16:40:19.447932','Item2 구매',118),(377,0,'2024-08-14 16:40:46.154932','Item1 구매',119),(378,0,'2024-08-14 16:40:46.174969','Item2 구매',119),(379,0,'2024-08-14 16:41:14.564452','Item1 구매',120),(380,0,'2024-08-14 16:41:14.599780','Item2 구매',120),(381,0,'2024-08-14 16:42:29.303415','Item1 구매',121),(382,0,'2024-08-14 16:42:29.328706','Item2 구매',121),(383,12,'2024-08-14 16:43:11.269165','게임 플레이 보상',117),(384,2,'2024-08-14 16:44:36.745925','게임 플레이 보상',117),(387,0,'2024-08-14 16:49:17.097172','Item1 구매',123),(388,0,'2024-08-14 16:49:17.140001','Item2 구매',123),(389,0,'2024-08-14 16:49:18.690542','Item1 구매',124),(390,0,'2024-08-14 16:49:18.720926','Item2 구매',124),(391,0,'2024-08-14 16:49:37.735224','Item1 구매',125),(392,0,'2024-08-14 16:49:37.753320','Item2 구매',125),(393,0,'2024-08-14 16:51:09.767972','Item1 구매',126),(394,0,'2024-08-14 16:51:09.799950','Item2 구매',126),(395,0,'2024-08-14 16:56:09.249656','Item1 구매',127),(396,0,'2024-08-14 16:56:09.326977','Item2 구매',127),(397,12,'2024-08-14 16:56:42.053232','게임 플레이 보상',125),(398,12,'2024-08-14 16:59:51.093007','게임 플레이 보상',123),(399,0,'2024-08-14 17:00:27.919863','Item1 구매',128),(400,0,'2024-08-14 17:00:27.973297','Item2 구매',128),(401,2,'2024-08-14 17:01:38.916599','게임 플레이 보상',125),(402,2,'2024-08-14 17:01:48.306945','게임 플레이 보상',123),(403,2,'2024-08-14 17:03:03.527928','게임 플레이 보상',125),(404,2,'2024-08-14 17:03:48.362618','게임 플레이 보상',123),(405,12,'2024-08-14 17:03:58.864258','게임 플레이 보상',128),(408,2,'2024-08-14 17:13:27.401442','게임 플레이 보상',108),(410,0,'2024-08-14 17:27:44.758316','Item1 구매',130),(411,0,'2024-08-14 17:27:44.800431','Item2 구매',130),(412,0,'2024-08-14 17:29:26.390771','Item1 구매',131),(413,0,'2024-08-14 17:29:26.405132','Item2 구매',131),(414,12,'2024-08-14 17:36:02.748316','게임 플레이 보상',100),(415,0,'2024-08-14 17:50:21.986743','Item1 구매',132),(416,0,'2024-08-14 17:50:22.055819','Item2 구매',132),(417,0,'2024-08-14 17:55:19.250772','Item1 구매',133),(418,0,'2024-08-14 17:55:19.282604','Item2 구매',133),(419,12,'2024-08-14 19:46:40.557764','게임 플레이 보상',95),(420,2,'2024-08-14 19:57:58.638367','게임 플레이 보상',95),(421,0,'2024-08-14 20:26:47.228957','Item1 구매',134),(422,0,'2024-08-14 20:26:47.259972','Item2 구매',134),(423,0,'2024-08-14 20:26:56.745278','Item1 구매',135),(424,0,'2024-08-14 20:26:56.763715','Item2 구매',135),(425,0,'2024-08-14 20:31:28.998458','Item1 구매',136),(426,0,'2024-08-14 20:31:29.041828','Item2 구매',136),(427,12,'2024-08-14 20:35:52.808313','게임 플레이 보상',136),(428,0,'2024-08-14 20:51:10.360227','Item1 구매',137),(429,0,'2024-08-14 20:51:10.390399','Item2 구매',137),(430,0,'2024-08-14 21:29:50.936420','Item1 구매',138),(431,0,'2024-08-14 21:29:50.957945','Item2 구매',138),(432,0,'2024-08-15 00:05:34.548456','Item1 구매',139),(433,0,'2024-08-15 00:05:34.639155','Item2 구매',139),(434,0,'2024-08-15 01:07:24.292741','Item1 구매',140),(435,0,'2024-08-15 01:07:24.318974','Item2 구매',140),(436,0,'2024-08-15 03:32:51.699404','Item1 구매',141),(437,0,'2024-08-15 03:32:51.729218','Item2 구매',141),(438,0,'2024-08-15 08:40:12.720054','Item1 구매',142),(439,0,'2024-08-15 08:40:12.764759','Item2 구매',142),(440,0,'2024-08-15 14:36:35.871164','Item1 구매',143),(441,0,'2024-08-15 14:36:35.892551','Item2 구매',143),(442,0,'2024-08-15 14:55:08.113795','Item1 구매',144),(443,0,'2024-08-15 14:55:08.149031','Item2 구매',144),(444,0,'2024-08-15 14:55:17.710053','Item1 구매',145),(445,0,'2024-08-15 14:55:17.730951','Item2 구매',145),(446,12,'2024-08-15 14:56:30.259783','게임 플레이 보상',130),(447,2,'2024-08-15 14:58:56.466311','게임 플레이 보상',130),(448,0,'2024-08-15 15:29:43.414856','Item1 구매',146),(449,0,'2024-08-15 15:29:43.461092','Item2 구매',146),(450,0,'2024-08-15 15:31:51.063029','Item1 구매',147),(451,0,'2024-08-15 15:31:51.137875','Item2 구매',147),(452,12,'2024-08-15 15:41:34.468325','게임 플레이 보상',146),(453,12,'2024-08-15 16:11:39.145042','게임 플레이 보상',100),(454,0,'2024-08-15 16:20:44.778667','Item1 구매',148),(455,0,'2024-08-15 16:20:44.818309','Item2 구매',148),(456,12,'2024-08-15 16:33:29.327740','게임 플레이 보상',148);
/*!40000 ALTER TABLE `point_record` ENABLE KEYS */;
UNLOCK TABLES;

--
-- Table structure for table `user`
--

DROP TABLE IF EXISTS `user`;
/*!40101 SET @saved_cs_client     = @@character_set_client */;
/*!50503 SET character_set_client = utf8mb4 */;
CREATE TABLE `user` (
  `user_id` int NOT NULL AUTO_INCREMENT,
  `created_at` datetime(6) NOT NULL,
  `email` varchar(320) COLLATE utf8mb4_general_ci DEFAULT NULL,
  `is_social` bit(1) NOT NULL,
  `pw` varchar(64) COLLATE utf8mb4_general_ci DEFAULT NULL,
  `serial` varchar(20) COLLATE utf8mb4_general_ci DEFAULT NULL,
  `team_name` varchar(15) COLLATE utf8mb4_general_ci NOT NULL,
  `2fa` varchar(64) COLLATE utf8mb4_general_ci NOT NULL,
  `type` enum('kakao') COLLATE utf8mb4_general_ci DEFAULT NULL,
  `updated_at` datetime(6) NOT NULL,
  PRIMARY KEY (`user_id`),
  UNIQUE KEY `UKfewc64v1plqrnf37pmqdhxhv2` (`team_name`),
  UNIQUE KEY `UKbcfxh7jh3wyiiagsgddgynru` (`serial`)
) ENGINE=InnoDB AUTO_INCREMENT=94 DEFAULT CHARSET=utf8mb4 COLLATE=utf8mb4_general_ci;
/*!40101 SET character_set_client = @saved_cs_client */;

--
-- Dumping data for table `user`
--

LOCK TABLES `user` WRITE;
/*!40000 ALTER TABLE `user` DISABLE KEYS */;
INSERT INTO `user` VALUES (2,'2024-08-04 12:55:01.025929','picel@picel.win',_binary '\0','$2a$10$lLlz9.SaZ5HU98cGDzWL4ut9P91/aEbi4J0401gq4Qf4P8A86RS.m',NULL,'효율적인 늑대#86','$2a$10$29w3J.xJS83bD/BD1PAQXeSefOzaSzLkGyvCO6smkgtSuv5AC4JHq',NULL,'2024-08-04 12:55:01.025967'),(4,'2024-08-04 19:36:10.387375','sonqowns2@naver.com',_binary '\0','$2a$10$oSGcHhaEuuMfgCYbTr0yRu.xyWWaM/7CtiDI2kaoxmOr0j93cQ9au',NULL,'열정적인 바다사자#294','$2a$10$Bk1kvpcAR5GJV7hjBaocyOZSgmtNDJU3O2KgHZ2Iv7OyNnOTtJRAC',NULL,'2024-08-04 19:36:10.387400'),(5,'2024-08-04 19:37:55.168426','ssafy@naver.com',_binary '\0','$2a$10$BhmJHctiHexZRp3nBTOecO1ry5BJ/qIoLRWOpzLEAQOnCeXyXSBF.',NULL,'기술적인 호랑이#886','$2a$10$omQeDlX2y14FGnlBmDmwVO1p0h8x5gt13BWYfoqxR/Q/58pxrokvK',NULL,'2024-08-04 19:37:55.168448'),(8,'2024-08-05 17:08:18.237036','sonqowns1112@naver.com',_binary '\0','$2a$10$k1dbQdij./NQ5GR6kE06WezIlhqMt6/peQN2hU7Gv6e/pqN/zg/5.',NULL,'강한 여우#333','$2a$10$wCTI9GbRAtuLdS1AxqUED.rxM923xOb9yJAawnzlGqR.daBbbNaAi',NULL,'2024-08-05 17:08:18.237058'),(14,'2024-08-06 09:28:25.836522','wlgjs8474@gmail.com',_binary '\0','$2a$10$uDNjKDqVM/f1PTv1b8eDk.N7Eyb/.nVYrJBytQmh/FOHj8MsKhbYu',NULL,'위대한 펭귄#22','$2a$10$4fk2rDVLLcTqLKYVn57lr.zzhoSCBgyX1WHVfG4cW8yisuFim8NMC',NULL,'2024-08-06 09:28:25.836546'),(15,'2024-08-06 22:39:00.254558','',_binary '\0','$2a$10$rUPCQwfI/wXFdKBHLCtjvO9dk6CK14AoZUL44003bs.e/yEV4SKGu',NULL,'강한 표범#906','$2a$10$t8ZQuAz.GsWX6Sn2zt1aPOpyeQj8UzPX.j/aOQTEHd0ppyfa3p.Eq',NULL,'2024-08-06 22:39:00.254633'),(16,'2024-08-07 10:03:34.161571','임경태',_binary '\0','$2a$10$7MgpLQJdRBXu4/MEPaIwEuI8o7P7gGeGNYv8vzXQqOubgFznCht76',NULL,'독창적인 하마#153','$2a$10$WfPf3xM4coa3myrUWpRdf..iRBj1bCePGa874kGD.N4fp6xthWeie',NULL,'2024-08-07 10:03:34.161584'),(17,'2024-08-07 10:20:35.777775','test',_binary '\0','$2a$10$aGEUmuCSTNCGbnsPIIoB3eCGCrViSflN9/vNyr.0zX8mofhfdKlK.',NULL,'빠른 캥거루#449','$2a$10$qyzHYC/fMI.kw/il0DW40OcMnFrdm2YTTtO2qYHO6sjFuxkaJzDBC',NULL,'2024-08-07 10:20:35.777791'),(20,'2024-08-09 12:31:22.214618','test@ggg.com',_binary '\0','$2a$10$1PGWwZqriVd6eJlxYceDCebkJ6eI7dtoKx0OsnN/.szEWVUUaQDg6',NULL,'용기 있는 도마뱀#783','$2a$10$NMxzJ2Al.Y4k0K4SbXS4huu9hsR32oNWUjZdDASvAdjJal0FQOwSq',NULL,'2024-08-09 12:31:22.214683'),(23,'2024-08-12 10:22:27.419127','tt@tt.tt',_binary '\0','$2a$10$W2tYK3ZMk8VQkwPqzjP/JOxTVIbdcSV/PSfx4yPb/phG2ZGDRDmFe',NULL,'강한 고양이#61','$2a$10$2K9W58HXFoOnrpc.48xCaODHHuqV603Wn3KvWh6oo7xHRI4RThx0m',NULL,'2024-08-12 10:22:27.419173'),(25,'2024-08-12 14:42:37.743740','lsm5631@naver.com',_binary '\0','$2a$10$bWTIKxP7/H/f/dVsjJ3n3u8nXLTD.k4ltgJb2bZWYo4lkXhoHQVKy',NULL,'7665','$2a$10$4SH5IVb1cffnrsFoB26.ieLYTwJqBvUKFkbAXMkHyizsxnLYYXXBi',NULL,'2024-08-12 16:56:02.048455'),(26,'2024-08-12 16:13:12.879698','jeon78eun@naver.com',_binary '\0','$2a$10$TJibSaPb0N7JyqesIttwnOheSuKgUStfLzmz9Df137EeVzVJbk49q',NULL,'영리한 하마#43','$2a$10$LbFUq7XpjtEAFora85GQZO2JcWM0LejTB94gQVc75BUNDMI6abpES',NULL,'2024-08-12 16:13:12.879728'),(27,'2024-08-12 16:13:19.685139','audtjd1893@gmail.com',_binary '\0','$2a$10$QqqGOwHYy6CCG5.Rc7ivbO3rOC5afZy5rsNFrEPTMK9X04pL2A/1m',NULL,'근면한 거미#668','$2a$10$/4kFCDm977t05TEuzljzWuM6TVhyaPuJ.2pTNDkKqkrCTABIlop7C',NULL,'2024-08-12 16:13:19.685147'),(33,'2024-08-12 17:34:45.559938','wlgjs8474@ssafy.com',_binary '\0','$2a$10$4wtIorn/TAAO.KSwmY0eIuhOBnJek3Kfs4/qcK4F2nj5QSY/dH2a6',NULL,'자유로운 스네이크#577','$2a$10$NPaGz6wPejkosVX3YyDkfuJhZKiIXqMDbfw2DWS1vMLl4OB7Hj8Na',NULL,'2024-08-12 17:34:45.559967'),(34,'2024-08-13 10:21:25.603832','test@test.com',_binary '\0','$2a$10$mwAk0OjcZk3NTnZw7KDB3up3zxG2ceABaGMBlN7olUlBIsPUkneum',NULL,'효율적인 강아지#883','$2a$10$wV5C5mfGZqOG0v8DW/EERu05Agc.3B7k9rJW3nA7Py3V8dh5Djvg2',NULL,'2024-08-13 10:21:25.603865'),(35,'2024-08-13 10:23:17.480769','20183068@gs.cwnu.ac.kr',_binary '\0','$2a$10$gG0Q5h5fMq05hDwP1GAS0elWjka8zFcMCETQs1ure6aVsfUY3GkGO',NULL,'세련된 멧돼지#367','$2a$10$Da5o73dHjM6TsZ0bigM4tuD.LLExUC4vwTXZf/lrRSx3voBrv6v5W',NULL,'2024-08-13 10:23:17.480799'),(36,'2024-08-13 10:24:15.250774','test@ssafy.com',_binary '\0','$2a$10$4wufCG8R8hIgILHcAPaYu.E37W8pbm3uPZi3gEwZWwoKUqLOAmAB6',NULL,'세련된 달팽이#55','$2a$10$Xk7CL534/WT178Jw5EggqeVqzny5vzl6JOGsHxwnatv6u8nXeZkLC',NULL,'2024-08-13 10:24:15.250795'),(39,'2024-08-13 13:48:35.079121','ckdgh6589@naver.com',_binary '\0','$2a$10$BBuj0cVGq27HDz/JFijcFO9HR5YgAiSvAUYM/4kp2s4tqE2X0bKIW',NULL,'완벽한 해달#627','$2a$10$tUP7OrDEViPJSHaTnR8QSuu0SFX/MPmVnEnjazCZ0j1uQ1.0zbEMi',NULL,'2024-08-13 13:48:35.079152'),(40,'2024-08-13 14:08:25.619460','ssafy@ssafy.com',_binary '\0','$2a$10$lzrtx7wMSxVdesoEmV0Z4eUJXK8w2e.upmHD0kpw4T5C2baZKQd.q',NULL,'위대한 비둘기#556','$2a$10$mpe13uGgkGuHqbByu5jSue312/VMKAaCiOXFThNLj0qRDg62zNGaC',NULL,'2024-08-13 14:08:25.619505'),(41,'2024-08-13 15:06:22.054284','limkt0925@naver.com',_binary '\0','$2a$10$.kFgmxGadATG0zZ1DiKZVe/m6CKMumlZmQMraRwesZgElESFHYByi',NULL,'지혜로운 상어#102','$2a$10$sx8BWpAH1gulZwQWsRbZoOb/EbnF.IXJP6IH8U6HP4Uu4zAjFaZVW',NULL,'2024-08-13 15:06:22.054311'),(55,'2024-08-13 16:59:23.752487','test@naver.com',_binary '\0','$2a$10$EJn6wXaS27Rk0C7IzRZQuebPEm8a0VsbzsiU4QNdHXoxknszeA8aW',NULL,'대담한 거미#693','$2a$10$86d9nGMmfI2gQ0/gBgRqruFkl7RycqtTZSs/bMupb8SuYoYtXCnn6',NULL,'2024-08-13 16:59:23.752520'),(56,'2024-08-13 17:13:45.461894','king@naver.com',_binary '\0','$2a$10$mvjqIcW/j9r7/penv3qVXe89wD0Yn5SzoatUdJ9hnrA6PfEyCyKMy',NULL,'창의적인 아르마딜로#222','$2a$10$lErZ4XE1XQ2XuKZk30/iHu8whlGyLHx2tF9ezXHVztDZaZ8.k4JkK',NULL,'2024-08-13 17:13:45.461924'),(57,'2024-08-13 19:37:36.070805','yoonr72@naver.com',_binary '\0','$2a$10$/HDzH/X1bcLoMc8RHrj6QeijzOKPcvgZM76hjBf7aKUAePjZCnZ5G',NULL,'미래의 캥거루#13','$2a$10$t7TjzBIBy.ia1L3HGL9/c.vQTLI2DV4pg6kuvRepMTpnIc4nK/k/W',NULL,'2024-08-13 19:37:36.070862'),(58,'2024-08-13 20:20:52.679943','kingbrother@naver.com',_binary '\0','$2a$10$Y4ob0bs1ROaI5XLdvi5VYeYBTtGvhXM6WULXYeFQVz/CxcMEZc3Gq',NULL,'용기 있는 얼룩말#324','$2a$10$PCCYxEecJ3brJfTKvHLIxObmQVhFWpd6ajhxDaFTw7ogfDIL4hali',NULL,'2024-08-13 20:20:52.679966'),(59,'2024-08-14 09:12:41.228227','jyjane719@naver.com',_binary '\0','$2a$10$6aB0kzxVKtqnNTx0ClZLse66tZMY7KxPJ5rMvL5qQ8xk4wEDJSRbK',NULL,'신속한 피라냐#135','$2a$10$PC9XIRwp3Gu8Okz.D9NzCeE7EB43VTpPCQcn1LozJIJwh3jBUOb/q',NULL,'2024-08-14 09:12:41.228258'),(60,'2024-08-14 09:22:02.916026','wlgjs8474@naver.com',_binary '\0','$2a$10$jZ6inqSopGrb0TnxANP/4ukluClL7VV8EYYFlNkUmPrvsrLUfeQ.K',NULL,'살쾡이','$2a$10$Wq2r.XTKcPS3QlTXowsDKutVL.AXvqFZdTd8w1V/lGGz9i/fRd/RS',NULL,'2024-08-14 09:22:02.916054'),(61,'2024-08-14 09:41:35.625307','yoonr721@gmail.com',_binary '\0','$2a$10$TSxSVWBkxl/YjoMraF.C1uzw2bSS2vpWaRtdJ.F4IiC1piDsuJK9G',NULL,'대담한 타이','$2a$10$VLXmKBCL9/Gc93uBcKAWF.hmUVKl2uJW4Lc1kZ4qdBeP7AOKaF9R2',NULL,'2024-08-14 09:41:35.625337'),(62,'2024-08-14 15:14:20.880196','picel@picel.net',_binary '\0','$2a$10$fZhNW2BJI1UNhTXobeZCKeH.xJryejJeW5O4tjFKL0fh/auxTDFJ2',NULL,'독창적인 우사#452','$2a$10$GPul3J9KLyO6kh2Ah7byneUxLfhdhuQ4Eu7Ej3QMArMF.A3/kfzP.',NULL,'2024-08-14 15:14:20.880229'),(63,'2024-08-14 16:22:00.649708','syl1602@naver.com',_binary '\0','$2a$10$qWWq95FDIqh9lNto7APUc.s9qCADVomePNBuuvNp94TCOqXwZYgZi',NULL,'창의적인 사슴#614','$2a$10$M7u2ZLIawxDYqQ/cYCjgfeMZYnFMA7MCts2wbprp584g7NBnH1xki',NULL,'2024-08-14 16:22:00.649852'),(64,'2024-08-14 16:38:15.967376','swghj@naver.com',_binary '\0','$2a$10$Tfk445K9Y18jLrSBtt9kLOBKyd04GXp7Ks1i6NAQIWRccenpCTCYC',NULL,'위대한 달팽이#192','$2a$10$FPdNhrLGWEKh4lI9Ji5RseXdR1Ib9MOx/CwO/YPDafhvAi.M.rmye',NULL,'2024-08-14 16:38:15.967418'),(65,'2024-08-14 16:38:33.236483','choiwe@naver.com',_binary '\0','$2a$10$kbgko3AUwIPAYcC7icm.kObnmCL1Byer1T905WlM6qnyRy.NDSANq',NULL,'미래의 미어캣#139','$2a$10$PVQ7CLvUm9GzkpUTMqIcl.alD6W75qRovFJqO7VBPwT7Z/w83Agqy',NULL,'2024-08-14 16:38:33.236517'),(66,'2024-08-14 16:39:33.655362','asdf@asdf.com',_binary '\0','$2a$10$q95uOHAbyG1kJWD2sUhIKewYrA1FRGAtfFjBxiYwIOUxTbP3ChGn6',NULL,'정확한 늑대#783','$2a$10$Z5X6hI.bLt2bpM6us8dR3ucW1WGuBOz5DerxSY0aNECKUNpDcDHD.',NULL,'2024-08-14 16:39:33.655572'),(67,'2024-08-14 16:39:39.334287','fas@adsffasfsdaf.com',_binary '\0','$2a$10$/HOC8e/82cp4/4j2Ai5A1ePpqdzTsTELLymyIk/5W.n3tGKaX56r.',NULL,'빠른 늑대#215','$2a$10$gW92V6jEAFNk2Ek9oR5P3.Vd.Q3r2bGpPS/7Poe3Lw4qS9FzkkvgK',NULL,'2024-08-14 16:39:39.334342'),(68,'2024-08-14 16:39:45.124157','kdj4355@naver.com',_binary '\0','$2a$10$FkPtzjbm5kEdNPJ.NBYMiuZ0s.ODL0FOe3HVnY8PPuhcXEbleXX86',NULL,'활기찬 고양이#314','$2a$10$pSyqXvl9XRp0qsAldAprMeE3OFZ.da9KF3YQnrwSw7bnP3E7GtMcq',NULL,'2024-08-14 16:39:45.124181'),(69,'2024-08-14 16:40:38.529281','qwer@gmail.com',_binary '\0','$2a$10$Ha/UQK7mCocIaIHCLGG6duKaWh53R08opV5g.Fsho0LPJoFipxk0W',NULL,'창조적인 오랑우탄#595','$2a$10$aIWW2QlJuhNh8lLlMeCZHuIi7KEjKEBDdVVr91dZ1Q60gmtO2ha36',NULL,'2024-08-14 16:40:38.529300'),(70,'2024-08-14 16:40:46.025801','hslee0912@naver.com',_binary '\0','$2a$10$R7/x7rURHbFz1pSMRHTEj.VHGuTTC0ZigBRMSa78Suf6eAUEqyO1a',NULL,'기술적인 고양이#372','$2a$10$rxZhn.OUO./rrW2ofqsHnOiGQuGCzD/uiIhCeTKtjEZwWvOvpIm0i',NULL,'2024-08-14 16:40:46.025816'),(71,'2024-08-14 16:42:01.777231','ssafy123@ssafy.com',_binary '\0','$2a$10$CCp2tnmhbL4/7KlmTZzozOuzZEKQgiKMQVucwbqeG/6g2R3ecOowi',NULL,'강력한 달팽이#674','$2a$10$jFtA16Q1QTDpxVJNkHPBhO2v5jb0.2JNTSmCDqLZw5w3pTWzWPW16',NULL,'2024-08-14 16:42:01.777250'),(73,'2024-08-14 16:48:25.972380','12@12.com',_binary '\0','$2a$10$If4wEuAOxDMvEPfUwO.LJutiuKiKrm.wdQszaalUu1uYwjYfLNjzG',NULL,'귀여운 지렁이#15','$2a$10$W/QD9NkiyXp.TmB6t4wJHetIWAkXRT2oPxxGI7Wboxn9uRkt2WnTq',NULL,'2024-08-14 16:48:25.972398'),(74,'2024-08-14 16:48:54.444359','qwerqwer@gmail.com',_binary '\0','$2a$10$Xwlih6Z7iQHtXfl0pKIMRe188DlZkUN7CRtA3VHD.QUySCRbqtD9W',NULL,'대담한 고릴라#680','$2a$10$Xm.gMNxVUalR0g1TA4ncduB7vvh54i37COX0yQfkkMqsAX10PyWoy',NULL,'2024-08-14 16:48:54.444378'),(75,'2024-08-14 16:50:54.623182','rngus3050@gmail.com',_binary '\0','$2a$10$JQ.7GAkNU6wO/b2VjH0.AecuLWxol2TxAB9DPdxTfiUeDtAEtif2S',NULL,'강한 멧돼지#595','$2a$10$5s572pQgzxeBBcHoKqxwKeDyoRW3ya8vgbnZ6vn8Bz/5txn4amo.G',NULL,'2024-08-14 16:50:54.623200'),(76,'2024-08-14 16:55:07.618781','tpdbs0701@naver.com',_binary '\0','$2a$10$pHmVgwn928EmI4G99m6/eO4X2PzZmkJ38QRwA.zQgXXZCvENCwRmC',NULL,'정확한 거미#616','$2a$10$HJqDD9KW7ov0sUn90qFxK.Tn1zBqCB./7DtWUTjeUz9romaZLeyw6',NULL,'2024-08-14 16:55:07.618811'),(77,'2024-08-14 16:59:53.407535','kijssafy@gmail.com',_binary '\0','$2a$10$lA408FlYACrUjX.H/M.xuOAeX511DTW0DSKxjg9O9d6Bjvz8A2zAu',NULL,'기술적인 독수리#321','$2a$10$57f7Ni5EOPmcvOBDcV4/Hu8oyOLyKF5B/PQ3uheZs3eWA7EUBxNyC',NULL,'2024-08-14 16:59:53.407547'),(78,'2024-08-14 17:06:00.885513','sbj9456@gmail.com',_binary '\0','$2a$10$rPbNb1LUa/IEGh1aafXF5ellWOr4qo3AOfIq8glyiRqAqZwJ2DrFW',NULL,'우수한 고릴라#852','$2a$10$2zBg7mMFpzRBz1EMc5WTTOst1./QZo9qkpj9NRhZsHKiDRY.pxlSi',NULL,'2024-08-14 17:06:00.885524'),(79,'2024-08-14 17:26:55.599786','test1@test.com',_binary '\0','$2a$10$G0vD5tCMPckLqDRDix4LOe3t39sm6P4OaIq.EXczUvhM3/qGONsVq',NULL,'흰머리오목눈이#001','$2a$10$JotR7m9nwH2WlSX9T7Bcq.UAma8A.5GZPp1egDZSTyiw2C5pRP912',NULL,'2024-08-14 17:26:55.599817'),(80,'2024-08-14 17:49:55.840092','ckd5508@naver.com',_binary '\0','$2a$10$NpiXq/KPYoAJFege6L3QJOjG6frQt7gy0Hs.DpCPZr2VBAYy8ngcy',NULL,'미래의 코뿔소#428','$2a$10$Ku2LhY8y5g3PnmrzodaIrOvlRzwv52vsJAR1SU2LqOm0uBh.YtRoi',NULL,'2024-08-14 17:49:55.840177'),(81,'2024-08-14 17:54:50.255526','vkse1934@naver.com',_binary '\0','$2a$10$Fps1IwlqVLA.6fbLVq.11O/jjExUqLswkmlyskO5bHWT9RYLvPIf2',NULL,'독창적인 독수리#369','$2a$10$WFfdt22URDDKVxY2aYqmVO4EGSZ2xnUrra9Du7W6q.cTGcgdwDnYC',NULL,'2024-08-14 17:54:50.255567'),(82,'2024-08-14 20:26:04.873050','a@a.aa',_binary '\0','$2a$10$QymsL8mqLBviM3T75lfJAOyRz.1iSt/O3YsfwaYsuK9tQdU.ZWMwi',NULL,'위대한 우사#579','$2a$10$Z210PTW61FRq32bExo2ROeMW9/mR/5iZGwRuh2dGE9Ej4bLFoZIZC',NULL,'2024-08-14 20:26:04.873089'),(83,'2024-08-14 20:30:52.630835','q@q.com',_binary '\0','$2a$10$TW44gfAL1d2nQQoKOC9Co.TL1WIM8hlPDD93.4A.21qjj8NACVflS',NULL,'준비된 넙치#604','$2a$10$v0r.O2KvrLE7qvGvYjFMAekHQiF7tVXxnyqVx8RRh.AZv/3W5Udxq',NULL,'2024-08-14 20:30:52.630883'),(84,'2024-08-14 20:50:48.986146','dd@naver.com',_binary '\0','$2a$10$onvj2uef1AuB9KLI0ppvI.3RJZkwD3vi5uCFe0RE0.r/XgRGuEMYy',NULL,'우수한 얼룩말#27','$2a$10$KlOdT1/JhUAyPvs89bReAOUu6p0M56NQUZhjXi4gDqyBC9vDyJnDW',NULL,'2024-08-14 20:50:48.986173'),(85,'2024-08-14 21:29:33.132848','ee@naver.com',_binary '\0','$2a$10$QGS8L4S42MJ.YoVEBAt.q.O./8ygfgJchLDeFXXIeXq21XiMwI6EK',NULL,'유능한 독수리#835','$2a$10$Q/CoLyQCo5vlWBg62NBsqu4pOgg55vYFPoHJMgRJM8c.qXem8c53m',NULL,'2024-08-14 21:29:33.132885'),(86,'2024-08-15 00:04:57.063870','alskdjfh@alskdjfh.com',_binary '\0','$2a$10$G3Nv5F2wUH3vFaElOHSRwu8ePpWeaCaNEzfC9c3sF7obNAtgZG25G',NULL,'위대한 바다사자#339','$2a$10$LOmehKxqlgbG0jdlsFn2Dufde.eC55TLVpSvy9bt8UnI3Zv/nXKfC',NULL,'2024-08-15 00:04:57.063888'),(87,'2024-08-15 01:06:56.806631','aa@naver.com',_binary '\0','$2a$10$OpT5xyK/FEfAAtUzWhOcR.lRZOviyjv48edUSYCwhcibDo9KDPK0m',NULL,'세련된 고릴라#191','$2a$10$fMP4gyZsNGaFcGY6jC0XCeaHvjiB6SZadJAPOHRESHUZAg1OsujRW',NULL,'2024-08-15 01:06:56.806653'),(88,'2024-08-15 03:31:52.487036','kimdoi0705@naver.com',_binary '\0','$2a$10$ScHxUWCbB.vAsFz86R0sFe.ihEh8ACfVZ.QTfPqrBiod40ifsxy6W',NULL,'기술적인 사슴#374','$2a$10$aiZdeiOZpZ6DuCc4uKxs8OKrATkXbzNI1EZMRxGf0jyJkgigRhqXy',NULL,'2024-08-15 03:31:52.487052'),(89,'2024-08-15 08:39:39.149875','jjw05015@naver.com',_binary '\0','$2a$10$Q/KEGOF.Y.U9Yn5zvGlbgOOQ2p./gRB83FzGrXVT4Q3EqfwTJ8FlG',NULL,'위대한 피라냐#802','$2a$10$lsdmkoUx37InY9liWPc84.gciCxjm0gNyT/AT9Cl17tj.Zh55/pY.',NULL,'2024-08-15 08:39:39.149904'),(90,'2024-08-15 14:35:50.841918','dldbsgh00005@gmail.com',_binary '\0','$2a$10$JyAPZAfr.TcbgoURobyase5XnVCO58Fs1eRwdQ8pVGjVaAjM5pH/i',NULL,'신속한 새끼곰#491','$2a$10$V.n0m2G5thZRMr04pf2u6ef6uZg6.LeWJz30VZlHyX7/FErF7zuPC',NULL,'2024-08-15 14:35:50.841958'),(91,'2024-08-15 14:54:49.996970','frndhoon@gmail.com',_binary '\0','$2a$10$mGyzUb1g7If/kT4yaK2ipeZztjhXSfzjnrcavs/iwq4lq73eW0Xty',NULL,'창의적인 캥거루#930','$2a$10$sVhg1j3JdTa692cak/GQ6.tt09Ffij20OOXYNWAgufH8OOhROuLf.',NULL,'2024-08-15 14:54:49.996999'),(92,'2024-08-15 15:28:00.114816','admin@picel.net',_binary '\0','$2a$10$oiLI8x6gnrGpTXV/vXsNBOoBYnx2GhXGzszaStd01t/KftqRvWK.W',NULL,'우수한 하마#653','$2a$10$xFwaSKSFWm06elbgdbviZ.VT8FbEwkjAYGzazdF/dbWmBWTFyFA22',NULL,'2024-08-15 15:28:00.114881'),(93,'2024-08-15 16:14:12.886491','tnwls5755@naver.com',_binary '\0','$2a$10$gX9h.HT8WXuCWuO0XsuM.uymksbPeH1xLnI6AGC7Z5Vn/leJM4BIq',NULL,'귀여운 새#47','$2a$10$WjoCQLFvsL3vnCBq/.z6c.pUVUnK/nH2RWOj5GXUI6ucmfIynXvj2',NULL,'2024-08-15 16:14:12.886509');
/*!40000 ALTER TABLE `user` ENABLE KEYS */;
UNLOCK TABLES;
/*!40103 SET TIME_ZONE=@OLD_TIME_ZONE */;

/*!40101 SET SQL_MODE=@OLD_SQL_MODE */;
/*!40014 SET FOREIGN_KEY_CHECKS=@OLD_FOREIGN_KEY_CHECKS */;
/*!40014 SET UNIQUE_CHECKS=@OLD_UNIQUE_CHECKS */;
/*!40101 SET CHARACTER_SET_CLIENT=@OLD_CHARACTER_SET_CLIENT */;
/*!40101 SET CHARACTER_SET_RESULTS=@OLD_CHARACTER_SET_RESULTS */;
/*!40101 SET COLLATION_CONNECTION=@OLD_COLLATION_CONNECTION */;
/*!40111 SET SQL_NOTES=@OLD_SQL_NOTES */;

-- Dump completed on 2024-08-15 16:50:05
